{
  "hash": "e6c6af6c",
  "configHash": "df29e978",
  "lockfileHash": "b14ddc93",
  "browserHash": "12e6e885",
  "optimized": {
    "@angular/common": {
      "src": "../../../../../node_modules/@angular/common/fesm2022/common.mjs",
      "file": "@angular_common.js",
      "fileHash": "3447a472",
      "needsInterop": false
    },
    "@angular/common/http": {
      "src": "../../../../../node_modules/@angular/common/fesm2022/http.mjs",
      "file": "@angular_common_http.js",
      "fileHash": "0b66cfd4",
      "needsInterop": false
    },
    "@angular/core": {
      "src": "../../../../../node_modules/@angular/core/fesm2022/core.mjs",
      "file": "@angular_core.js",
      "fileHash": "caf2eace",
      "needsInterop": false
    },
    "@angular/forms": {
      "src": "../../../../../node_modules/@angular/forms/fesm2022/forms.mjs",
      "file": "@angular_forms.js",
      "fileHash": "b1e3a79b",
      "needsInterop": false
    },
    "@angular/platform-browser": {
      "src": "../../../../../node_modules/@angular/platform-browser/fesm2022/platform-browser.mjs",
      "file": "@angular_platform-browser.js",
      "fileHash": "c2a29a87",
      "needsInterop": false
    },
    "@angular/router": {
      "src": "../../../../../node_modules/@angular/router/fesm2022/router.mjs",
      "file": "@angular_router.js",
      "fileHash": "b4b90472",
      "needsInterop": false
    },
    "@stripe/stripe-js": {
      "src": "../../../../../node_modules/@stripe/stripe-js/lib/index.mjs",
      "file": "@stripe_stripe-js.js",
      "fileHash": "404dd5d2",
      "needsInterop": false
    }
  },
  "chunks": {
    "chunk-O5HWIGIV": {
      "file": "chunk-O5HWIGIV.js"
    },
    "chunk-J3U6FFYD": {
      "file": "chunk-J3U6FFYD.js"
    },
    "chunk-O2VNW7OS": {
      "file": "chunk-O2VNW7OS.js"
    },
    "chunk-LKVAI3R5": {
      "file": "chunk-LKVAI3R5.js"
    },
    "chunk-WDMUDEB6": {
      "file": "chunk-WDMUDEB6.js"
    }
  }
}